{"IcoMoonType":"selection","icons":[{"icon":{"paths":["M407.467 768l-243.2-243.2 60.8-60.8 182.4 182.4 391.467-391.467 60.8 60.8-452.267 452.267z"],"attrs":[{"fill":"rgb(227, 227, 227)"}],"isMulticolor":false,"isMulticolor2":false,"grid":0,"tags":["check_24dp_E3E3E3_FILL0_wght400_GRAD0_opsz24"]},"attrs":[{"fill":"rgb(227, 227, 227)"}],"properties":{"order":4,"id":0,"name":"check_24dp_E3E3E3_FILL0_wght400_GRAD0_opsz24","prevSize":32,"code":59648},"setIdx":0,"setId":2,"iconIdx":0}],"height":1024,"metadata":{"name":"icomoon"},"preferences":{"showGlyphs":true,"showQuickUse":true,"showQuickUse2":true,"showSVGs":true,"fontPref":{"prefix":"icon-","metadata":{"fontFamily":"icomoon"},"metrics":{"emSize":1024,"baseline":6.25,"whitespace":50},"embed":false,"autoHost":true},"imagePref":{"prefix":"icon-","png":true,"useClassSelector":true,"color":0,"bgColor":16777215,"classSelector":".icon","name":"icomoon"},"historySize":50,"showCodes":true,"gridSize":16,"quickUsageToken":{"UntitledProject":"OTkzNTA4NzU5YSMxNzU2MjI1MDMxI2gvaEtSaEo0RS9OdSt2M29OV3UvSjVtRGhzbkNycklEbFk5eUQvUEpzWVVh"}}}